id,name,subtitle,kind,start,end,includeStart,includeEnd,tags,color,html,deck,image
609176726553131,"Cicéron, <u><i>Tusculanae disputationes</i></u>",Cultiver l’âme comme on cultive la terre,point,-45,,true,true,"[""Référence""]",#7C86FF,"<div><p>Cicéron emploie l’image de la <i>cultura animi</i>, la « culture de l’âme » : l’esprit doit être travaillé et formé comme une terre que l’on cultive. Le mot culture désigne ici un perfectionnement individuel par l’étude et la philosophie, bien avant son extension moderne aux œuvres, aux pratiques et aux modes de vie.</p></div>","[""ICT::3 - Compo::Culture, patrimoine et musées::La culture en France : État et collectivités territoriales::0 - Définitions et exception française""]",[]
129350352978920,Fondation du collège de Robert de Sorbon,Un soutien royal ancien au savoir savant,point,1257,,true,true,"[""Évènement""]",#21BCFF,"<div><p>Robert de Sorbon fonde à Paris un collège destiné à des maîtres et étudiants en théologie, avec l’appui de Louis IX. Ce jalon illustre une intervention monarchique ancienne dans les institutions de savoir : le pouvoir ne produit pas directement la culture, mais peut fournir protection, statut et ressources à ceux qui l’organisent.</p></div>","[""ICT::3 - Compo::Culture, patrimoine et musées::La culture en France : État et collectivités territoriales::I.A - Une longue tradition historique, revisitée au XXe siècle""]",[]
757822467982934,Installation de la bibliothèque de Charles V au Louvre,Une bibliothèque royale organisée au palais,point,1368,,true,true,"[""Évènement""]",#21BCFF,"<div><p>Charles V fait installer au Louvre une importante bibliothèque royale, organisée et inventoriée. La collection de manuscrits n’est pas seulement un bien privé : elle devient un instrument de gouvernement, de prestige et de transmission savante, annonçant la longue histoire des collections royales devenues institutions nationales.</p></div>","[""ICT::3 - Compo::Culture, patrimoine et musées::La culture en France : État et collectivités territoriales::I.A - Une longue tradition historique, revisitée au XXe siècle""]",[]
192223174689232,Création du Collège des lecteurs royaux,Enseigner hors du monopole universitaire,point,1530,,true,true,"[""Évènement""]",#21BCFF,<div><p>François Ier institue des lecteurs royaux chargés notamment d’enseigner le grec et l’hébreu. Le futur Collège de France offre un enseignement savant protégé par le roi en dehors des cadres universitaires traditionnels. La monarchie utilise ainsi le mécénat institutionnel pour soutenir l’humanisme et l’accès à de nouveaux savoirs.</p></div>,"[""ICT::3 - Compo::Culture, patrimoine et musées::La culture en France : État et collectivités territoriales::I.A - Une longue tradition historique, revisitée au XXe siècle""]",[]
205145741266679,Ordonnance de Montpellier sur le dépôt légal,Conserver un exemplaire des livres imprimés,point,28/12/1537,,true,true,"[""Loi""]",#FF2056,"<div><p>L’ordonnance de Montpellier impose le dépôt d’un exemplaire des livres imprimés mis en vente dans le royaume. Le dépôt légal associe contrôle du livre et conservation : l’État se donne progressivement les moyens de constituer une mémoire de la production imprimée, matrice des collections patrimoniales de la Bibliothèque nationale.</p></div>","[""ICT::3 - Compo::Culture, patrimoine et musées::La culture en France : État et collectivités territoriales::I.A - Une longue tradition historique, revisitée au XXe siècle""]",[]
194336613654145,Ordonnance de Villers-Cotterêts,Le français entre dans les actes officiels,point,1539,,true,true,"[""Loi""]",#FF2056,"<div><p>L’ordonnance de Villers-Cotterêts impose l’usage du français dans les actes de justice et d’administration à la place du latin. Au-delà de sa portée juridique, elle participe à la construction d’un espace linguistique administratif commun et illustre le lien durable entre langue, centralisation politique et action culturelle de l’État.</p></div>","[""ICT::3 - Compo::Culture, patrimoine et musées::La culture en France : État et collectivités territoriales::I.A - Une longue tradition historique, revisitée au XXe siècle""]",[]
693969128235397,"Joachim du Bellay, <u><i>Les Regrets</i></u>","La France, mère des arts",point,1558,,true,true,"[""Référence""]",#7C86FF,"<div><p>Dans <i>Les Regrets</i>, Du Bellay célèbre la France comme « mère des arts, des armes et des lois ». La formule associe la grandeur politique à une capacité artistique et intellectuelle : la culture devient un élément du prestige national autant qu’une production autonome des écrivains et artistes.</p></div>","[""ICT::3 - Compo::Culture, patrimoine et musées::La culture en France : État et collectivités territoriales::0 - Définitions et exception française""]",[]
934594801161795,"Véronèse, <u><i>Les Noces de Cana</i></u>",Un chef-d’œuvre déplacé par conquête,point,1563,,true,true,"[""Référence""]",#7C86FF,"<div><p>Véronèse transpose le miracle biblique dans un vaste banquet vénitien. L’œuvre devient ensuite un exemple majeur de provenance conflictuelle : saisie par les troupes françaises en 1797, transportée au Louvre en 1798, elle n’est pas rendue à Venise après 1815. Un chef-d’œuvre peut ainsi devenir patrimoine national dans un pays tout en restant marqué par une histoire d’appropriation militaire.</p></div>","[""ICT::3 - Compo::Culture, patrimoine et musées::Les musées, service public territorial en réinvention::III.C - Restitutions, provenances et propriété::Références culturelles — Décoloniser le musée""]",[]
472143886185622,Académie française,Régler et perfectionner la langue française,point,29/01/1635,,true,true,"[""Évènement""]",#21BCFF,"<div><p>Les lettres patentes de Louis XIII officialisent l’Académie française sous la protection de Richelieu. Sa mission est de donner des règles à la langue et de la rendre capable de traiter les arts et les sciences. L’institution illustre une politique culturelle fondée sur la normalisation linguistique, le prestige savant et la protection monarchique.</p></div>","[""ICT::3 - Compo::Culture, patrimoine et musées::La culture en France : État et collectivités territoriales::I.A - Une longue tradition historique, revisitée au XXe siècle""]",[]
499440924007883,Mécénat culturel de Louis XIV,Les arts au service du prestige monarchique,period,1661,1715,true,true,"[""Période""]",#46ECD5,"<div><p>Sous Louis XIV, la monarchie soutient écrivains, artistes, architectes et académies : Molière, Racine ou Le Nôtre participent à un système où la création bénéficie de ressources royales tout en servant le prestige du souverain. Versailles condense cette politique : les arts deviennent aussi une technologie de représentation du pouvoir.</p></div>","[""ICT::3 - Compo::Culture, patrimoine et musées::La culture en France : État et collectivités territoriales::I.A - Une longue tradition historique, revisitée au XXe siècle""]",[]
538454135876696,Édit royal sur la police des esclaves,L’esclavage organisé par le droit colonial,point,1685,,true,true,"[""Loi""]",#FF2056,"<div><p>L’édit de mars 1685, ensuite regroupé sous l’appellation de « Code noir », réglemente l’esclavage dans les colonies françaises d’Amérique. Il définit obligations religieuses, discipline et statut des personnes esclavisées, traitées juridiquement comme appropriables. L’esclavage colonial n’est donc pas seulement une violence économique : il est institué et protégé par le droit monarchique.</p></div>","[""ICT::3 - Compo::Culture, patrimoine et musées::Les musées, service public territorial en réinvention::III.C - Restitutions, provenances et propriété::Références culturelles — Décoloniser le musée""]",[]
205696437090318,Legs de l’abbé Boisot à Besançon,Une collection ouverte au public,point,1694,,true,true,"[""Évènement""]",#21BCFF,<div><p>L’abbé Jean-Baptiste Boisot lègue sa collection aux bénédictins de Saint-Vincent à condition qu’elle soit conservée et accessible au public à des jours déterminés. Cette ouverture régulière préfigure le musée public : une collection cesse d’être seulement possession privée pour devenir un bien destiné à l’instruction collective.</p></div>,"[""ICT::3 - Compo::Culture, patrimoine et musées::Les musées, service public territorial en réinvention::I.A - Une institution ancienne, refondée par la Révolution""]",[]
346597016040527,Hans Sloane lègue sa collection à la nation britannique,Un cabinet savant fonde le British Museum,point,1753,,true,true,"[""Évènement""]",#21BCFF,"<div><p>À sa mort, Hans Sloane laisse plus de 71 000 livres, spécimens, antiquités et objets à la nation britannique sous condition d’acquisition de l’ensemble. Le Parlement crée la même année le British Museum. Cette généalogie rappelle que le musée universel hérite des cabinets savants, des voyages et des circuits impériaux qui permettaient de prélever, classer et centraliser des fragments du monde.</p></div>","[""ICT::3 - Compo::Culture, patrimoine et musées::Les musées, service public territorial en réinvention::III.C - Restitutions, provenances et propriété::Références culturelles — Décoloniser le musée""]",[]
687393102327507,"<u><i>Nouveau dictionnaire</i></u>, article sur les beaux-arts",Les arts doivent atteindre tous les citoyens,point,1776,,true,true,"[""Référence""]",#7C86FF,"<div><p>Un texte du supplément à l’<i>Encyclopédie</i> affirme que les beaux-arts doivent pénétrer jusque dans les conditions modestes afin d’accroître le bonheur humain. L’idée anticipe la démocratisation culturelle : la valeur publique des arts ne tient pas seulement à l’excellence des œuvres, mais à leur diffusion au-delà des élites qui les fréquentent spontanément.</p></div>","[""ICT::3 - Compo::Culture, patrimoine et musées::La culture en France : État et collectivités territoriales::I.B - Les multiples missions de la politique culturelle""]",[]
163636120328392,Mise à disposition nationale des biens du clergé,La nationalisation crée une responsabilité patrimoniale,point,02/11/1789,,true,true,"[""Loi""]",#FF2056,"<div><p>L’Assemblée constituante met les biens du clergé à la disposition de la Nation. La nationalisation bouleverse les propriétés mais crée simultanément une question nouvelle : que conserver, vendre, déplacer ou détruire ? L’État devient responsable d’un ensemble immense d’objets et d’édifices qui acquièrent progressivement une valeur historique distincte de leur ancien usage.</p></div>","[""ICT::3 - Compo::Culture, patrimoine et musées::Les politiques de conservation du patrimoine::II.A - Révolution : destruction et invention patrimoniale""]",[]
625913427323279,Commission des monuments,Inventorier et préserver les biens nationalisés,point,1790,,true,true,"[""Évènement""]",#21BCFF,<div><p>La Révolution met en place une Commission des monuments afin d’identifier et de préserver une partie des biens devenus nationaux. La protection patrimoniale naît ainsi au cœur d’un moment de rupture : le même processus révolutionnaire détruit des signes de l’Ancien Régime et invente des procédures pour conserver ceux que l’on juge dignes d’être transmis.</p></div>,"[""ICT::3 - Compo::Culture, patrimoine et musées::Les politiques de conservation du patrimoine::II.A - Révolution : destruction et invention patrimoniale""]",[]
544836592862560,Loi révolutionnaire sur les droits des auteurs,Reconnaître une propriété sur les œuvres,point,19/07/1793,,true,true,"[""Loi""]",#FF2056,"<div><p>La législation révolutionnaire reconnaît aux auteurs un droit exclusif sur la reproduction et la diffusion de leurs œuvres, prolongé après leur mort au profit des héritiers. L’œuvre devient ainsi objet d’un droit de propriété spécifique, conciliant rémunération du créateur et diffusion ultérieure dans le domaine commun.</p></div>","[""ICT::3 - Compo::Culture, patrimoine et musées::La culture en France : État et collectivités territoriales::I.A - Une longue tradition historique, revisitée au XXe siècle""]",[]
702823218843327,Ouverture du Muséum central des arts,Le Louvre devient musée national,point,10/08/1793,,true,true,"[""Évènement""]",#21BCFF,"<div><p>Le palais du Louvre ouvre comme Muséum central des arts. Les anciennes collections royales, enrichies par les confiscations révolutionnaires, sont réorganisées pour former un musée de la Nation. Le musée public reçoit une fonction civique : exposer des œuvres autrefois réservées au prince et former le regard des citoyens.</p></div>","[""ICT::3 - Compo::Culture, patrimoine et musées::Les musées, service public territorial en réinvention::I.A - Une institution ancienne, refondée par la Révolution""]",[]
271094683097785,Rapports de l’abbé Grégoire contre le vandalisme,Nommer la destruction pour mieux la combattre,point,1794,,true,true,"[""Évènement""]",#21BCFF,"<div><p>L’abbé Grégoire popularise le mot « vandalisme » dans ses rapports sur les destructions commises contre les œuvres et monuments. La notion transforme la conservation en combat politique : détruire les traces du passé n’est plus seulement un acte matériel, mais une atteinte à des biens considérés comme communs à la Nation et à l’instruction publique.</p></div>","[""ICT::3 - Compo::Culture, patrimoine et musées::La culture en France : État et collectivités territoriales::I.A - Une longue tradition historique, revisitée au XXe siècle""]",[]
766227380855921,Alexandre Lenoir ouvre le Musée des monuments français,Sauver des fragments par le musée,point,1795,,true,true,"[""Évènement""]",#21BCFF,<div><p>Alexandre Lenoir rassemble dans l’ancien couvent des Petits-Augustins des sculptures et monuments sauvés des destructions révolutionnaires. Le Musée des monuments français protège des œuvres en les retirant de leur contexte d’origine et en les ordonnant chronologiquement : une opération de sauvegarde qui participe aussi à la fabrication muséale d’une histoire nationale.</p></div>,"[""ICT::3 - Compo::Culture, patrimoine et musées::La culture en France : État et collectivités territoriales::I.A - Une longue tradition historique, revisitée au XXe siècle"",""ICT::3 - Compo::Culture, patrimoine et musées::Les musées, service public territorial en réinvention::I.A - Une institution ancienne, refondée par la Révolution""]",[]
850079594417620,Saisie des <u><i>Noces de Cana</i></u> à Venise,La conquête enrichit les collections françaises,point,1797,,true,true,"[""Évènement""]",#21BCFF,"<div><p>Les troupes françaises saisissent le grand tableau de Véronèse dans le réfectoire de San Giorgio Maggiore et le transfèrent vers Paris. L’épisode rend visible une dimension fondatrice du musée révolutionnaire et impérial : la circulation des œuvres ne procède pas seulement d’achats ou de dons, mais aussi de prises de guerre présentées comme déplacement vers un musée universel.</p></div>","[""ICT::3 - Compo::Culture, patrimoine et musées::Les musées, service public territorial en réinvention::III.C - Restitutions, provenances et propriété::Références culturelles — Décoloniser le musée""]",[]
318808140067413,"Marie-Guillemine Benoist, <u><i>Portrait d’une femme noire</i></u>",Sortir un modèle noir de l’anonymat,point,1800,,true,true,"[""Référence""]",#7C86FF,"<div><p>Benoist représente une jeune femme noire assise selon les codes du portrait de prestige, six ans après la première abolition de l’esclavage. Longtemps désignée par un titre racial anonyme, la modèle est aujourd’hui rapprochée du prénom Madeleine. La relecture du tableau montre comment histoire de l’art et archives peuvent rendre une individualité à des figures longtemps réduites à une catégorie.</p></div>","[""ICT::3 - Compo::Culture, patrimoine et musées::Les musées, service public territorial en réinvention::III.C - Restitutions, provenances et propriété::Références culturelles — Décoloniser le musée""]",[]
502678384931687,Élargissement historique des publics des musées,Du public savant au musée participatif,period,1800,1979,true,true,"[""Période""]",#46ECD5,"<div><p>Au XIXe siècle, le musée s’adresse d’abord surtout aux artistes, connaisseurs et spécialistes, et les enfants y sont longtemps malvenus. Sous la Troisième République, l’enseignement du dessin et des arts élargit progressivement les usages. Dans l’entre-deux-guerres, universités populaires et associations organisent des visites adaptées aux travailleurs. Dans les années 1960-1970, ateliers, pratiques enfantines et médiation transforment davantage le musée en lieu de partage et d’expérience.</p></div>","[""ICT::3 - Compo::Culture, patrimoine et musées::Les musées, service public territorial en réinvention::I.C - Du musée de spécialistes au musée pour tous""]",[]
460023884640413,Arrêté Chaptal,Quinze musées pour diffuser les collections nationales,point,01/09/1801,,true,true,"[""Évènement""]",#21BCFF,<div><p>L’arrêté Chaptal organise l’envoi de tableaux issus des collections nationales vers quinze grandes villes. Les communes doivent financer une galerie capable de les recevoir. La politique de dépôts donne ainsi une dimension territoriale au musée public et contribue à la formation de nombreux musées de beaux-arts en province.</p></div>,"[""ICT::3 - Compo::Culture, patrimoine et musées::Les musées, service public territorial en réinvention::I.A - Une institution ancienne, refondée par la Révolution""]",[]
239413768585721,Arrêté consulaire sur les bibliothèques municipales,Les fonds révolutionnaires passent aux municipalités,point,28/01/1803,,true,true,"[""Loi""]",#FF2056,"<div><p>L’arrêté du 8 pluviôse an XI place les bibliothèques des anciennes écoles centrales sous la surveillance des municipalités, qui doivent nommer et rémunérer un conservateur. Environ cent cinquante bibliothèques communales trouvent leur origine dans ce transfert de collections, elles-mêmes largement issues des confiscations révolutionnaires.</p></div>","[""ICT::3 - Compo::Culture, patrimoine et musées::Les bibliothèques""]",[]
264245227092773,Restitutions européennes après Waterloo,Les puissances réclament les œuvres saisies,point,1815,,true,true,"[""Évènement""]",#21BCFF,"<div><p>Après la chute de Napoléon, plusieurs puissances européennes exigent le retour d’œuvres transférées vers Paris pendant les guerres révolutionnaires et impériales. Une partie importante des collections saisies repart. L’épisode établit très tôt qu’une œuvre entrée dans un grand musée par conquête peut faire l’objet d’une revendication de restitution fondée sur les conditions de son acquisition.</p></div>","[""ICT::3 - Compo::Culture, patrimoine et musées::Les musées, service public territorial en réinvention::III.C - Restitutions, provenances et propriété"",""ICT::3 - Compo::Culture, patrimoine et musées::Les musées, service public territorial en réinvention::III.C - Restitutions, provenances et propriété::Références culturelles — Décoloniser le musée""]",[]
286945693229008,Création de l’inspection générale des monuments historiques,L’État organise la surveillance des monuments,point,23/10/1830,,true,true,"[""Évènement""]",#21BCFF,"<div><p>Le rapport de Guizot approuvé en octobre 1830 crée la fonction d’inspecteur général des monuments historiques. Ludovic Vitet, puis Prosper Mérimée, parcourent le territoire, signalent les édifices menacés et hiérarchisent les besoins. La conservation devient progressivement une administration nationale, fondée sur l’expertise et le dialogue avec les préfets.</p></div>","[""ICT::3 - Compo::Culture, patrimoine et musées::La culture en France : État et collectivités territoriales::I.A - Une longue tradition historique, revisitée au XXe siècle"",""ICT::3 - Compo::Culture, patrimoine et musées::Les politiques de conservation du patrimoine::II.B - XIXe siècle : naissance de l’administration patrimoniale""]",[]
416775346990775,"Victor Hugo, <u><i>Guerre aux démolisseurs !</i></u>",La beauté d’un monument appartient à tous,point,01/03/1832,,true,true,"[""Référence""]",#7C86FF,"<div><p>Hugo dénonce la destruction d’édifices anciens au nom de la propriété ou de la modernisation. Il distingue l’usage d’un bâtiment, qui peut appartenir à son propriétaire, et sa beauté, qui intéresse la collectivité. La protection du patrimoine apparaît ainsi comme une limite légitime au droit de disposer librement d’un bien porteur d’un intérêt historique ou artistique commun.</p></div>","[""ICT::3 - Compo::Culture, patrimoine et musées::Les politiques de conservation du patrimoine::IX - Idées directrices et références""]",[]
776614823091770,Prosper Mérimée devient inspecteur général,"Inventorier, classer et financer les restaurations",point,27/05/1834,,true,true,"[""Évènement""]",#21BCFF,"<div><p>Prosper Mérimée succède à Ludovic Vitet comme inspecteur général des monuments historiques. Ses tournées, rapports et correspondances avec les préfets permettent d’identifier les édifices prioritaires et d’orienter les crédits. Son action associe connaissance du terrain, classement administratif et restauration.</p></div>","[""ICT::3 - Compo::Culture, patrimoine et musées::La culture en France : État et collectivités territoriales::I.A - Une longue tradition historique, revisitée au XXe siècle"",""ICT::3 - Compo::Culture, patrimoine et musées::Les politiques de conservation du patrimoine::II.B - XIXe siècle : naissance de l’administration patrimoniale""]",[]
630923307077223,Commission des monuments historiques,Une expertise collégiale pour la protection,point,29/09/1837,,true,true,"[""Évènement""]",#21BCFF,"<div><p>La Commission des monuments historiques est instituée pour conseiller l’administration sur les édifices à protéger et les travaux à financer. Le patrimoine concerné est d’abord très monumental — édifices antiques, médiévaux, religieux ou militaires — avant que les critères de protection ne s’élargissent aux siècles suivants.</p></div>","[""ICT::3 - Compo::Culture, patrimoine et musées::Les politiques de conservation du patrimoine::I.C - Triple extension du domaine patrimonial"",""ICT::3 - Compo::Culture, patrimoine et musées::Les politiques de conservation du patrimoine::II.B - XIXe siècle : naissance de l’administration patrimoniale""]",[]
705351298168610,Première liste des monuments historiques,Un millier de monuments identifiés nationalement,point,1840,,true,true,"[""Évènement""]",#21BCFF,"<div><p>La première grande liste nationale recense 1 082 entrées, dont 934 bâtiments. Elle donne une forme concrète à la politique de classement : l’État ne se contente plus d’intervenir au cas par cas, il constitue un corpus national d’édifices dont la conservation justifie expertise, crédits et contrôle des travaux.</p></div>","[""ICT::3 - Compo::Culture, patrimoine et musées::Les politiques de conservation du patrimoine::II.B - XIXe siècle : naissance de l’administration patrimoniale""]",[]
997224150461931,"François-Auguste Biard, <u><i>L’Abolition de l’esclavage</i></u>",L’abolition représentée comme don républicain,point,1849,,true,true,"[""Référence""]",#7C86FF,<div><p>Biard met en scène l’abolition de 1848 comme moment de liesse et de fraternité républicaine. La composition place l’autorité française au centre du geste émancipateur et tend à reléguer au second plan les révoltes et résistances des personnes esclavisées. L’image patrimoniale montre ainsi comment une commémoration peut distribuer les rôles et produire un récit politique de l’émancipation.</p></div>,"[""ICT::3 - Compo::Culture, patrimoine et musées::Les musées, service public territorial en réinvention::III.C - Restitutions, provenances et propriété::Références culturelles — Décoloniser le musée""]","[""ict_timeline_media/culture_biard_abolition.jpg""]"
832079251704216,"Jacques Ignace Hittorff, <u><i>L’Architecture polychrome chez les Grecs</i></u>",Retrouver la couleur de l’architecture grecque,point,1851,,true,true,"[""Référence""]",#7C86FF,"<div><p>Hittorff rassemble observations archéologiques, traces de pigments et restitutions pour défendre l’idée que l’architecture grecque n’était pas le monde de marbre blanc fixé par l’imaginaire néoclassique. La polychromie oblige à distinguer le monument historique réel de l’image patrimoniale reconstruite par les goûts et savoirs des époques postérieures.</p></div>","[""ICT::3 - Compo::Culture, patrimoine et musées::Les politiques de conservation du patrimoine""]","[""ict_timeline_media/culture_hittorff_1.jpg"",""ict_timeline_media/culture_hittorff_2.jpg"",""ict_timeline_media/culture_hittorff_3.jpg""]"
354728589021547,"Édouard Manet, <u><i>Olympia</i></u>",Nommer Laure change le regard,point,1863,,true,true,"[""Référence""]",#7C86FF,"<div><p>Une courtisane blanche regarde directement le spectateur tandis qu’une femme noire lui apporte un bouquet. Les recherches autour du <i>Modèle noir</i> ont remis en avant le prénom de cette dernière, Laure. Le déplacement du regard vers sa présence et sa relation sociale avec Olympia montre comment une relecture muséale peut sortir une figure secondaire de l’anonymat sans prétendre épuiser son histoire.</p></div>","[""ICT::3 - Compo::Culture, patrimoine et musées::Les musées, service public territorial en réinvention::III.C - Restitutions, provenances et propriété::Références culturelles — Décoloniser le musée""]","[""ict_timeline_media/culture_olympia.jpg""]"
866564149091876,"Eugène Viollet-le-Duc, <u><i>Dictionnaire raisonné de l’architecture française, « Restauration »</i></u>",Restaurer peut recréer un état jamais existé,point,1866,,true,true,"[""Référence""]",#7C86FF,"<div><p>Dans l’article « Restauration » du huitième volume de son <i>Dictionnaire raisonné</i>, Viollet-le-Duc distingue restaurer d’entretenir ou de réparer : restaurer peut consister à rétablir un édifice dans un état complet qui n’a peut-être jamais existé à un moment donné. Cette définition rend explicite la tension entre conservation de l’état transmis et reconstruction d’une unité architecturale idéale.</p></div>","[""ICT::3 - Compo::Culture, patrimoine et musées::Les politiques de conservation du patrimoine::II.B - XIXe siècle : naissance de l’administration patrimoniale""]",[]
977712266334344,"Ernest Renan, <u><i>La Réforme intellectuelle et morale</i></u>",Les sciences et les arts comme affaire d’État,point,1871,,true,true,"[""Référence""]",#7C86FF,"<div><p>Renan défend après la défaite de 1870 une reconstruction intellectuelle et morale de la France. Il affirme que les sciences, les lettres et les arts relèvent aussi d’une responsabilité publique : la puissance nationale suppose des institutions capables de former, rechercher et produire des œuvres, non le seul jeu spontané des initiatives privées.</p></div>","[""ICT::3 - Compo::Culture, patrimoine et musées::La culture en France : État et collectivités territoriales::0 - Définitions et exception française""]",[]
187339159318415,Maison Pierre Corneille à Petit-Couronne,Une demeure d’écrivain devient musée,point,1879,,true,true,"[""Évènement""]",#21BCFF,"<div><p>La maison familiale de Pierre Corneille à Petit-Couronne devient l’une des premières maisons-musées françaises consacrées à un écrivain. Le patrimoine s’étend ainsi au lieu biographique : l’espace habité, les objets et l’évocation d’une vie peuvent devenir supports de mémoire littéraire et de médiation culturelle.</p></div>","[""ICT::3 - Compo::Culture, patrimoine et musées::Les musées, service public territorial en réinvention::I.B - Le XIXe siècle et les musées territoriaux""]",[]
921869444651186,Recherches de provenance au Muséum de La Rochelle,Reconstituer des acquisitions anciennes et leurs contextes,period,1880,1950,true,true,"[""Période""]",#46ECD5,"<div><p>Les recherches sur les collections constituées entre la fin du XIXe et le milieu du XXe siècle cherchent à documenter donateurs, voyageurs, militaires, administrateurs et circuits d’acquisition. La provenance devient une histoire sociale de l’objet : savoir d’où il vient ne suffit pas, il faut comprendre dans quelles relations de pouvoir, d’échange ou de contrainte il a été obtenu.</p></div>","[""ICT::3 - Compo::Culture, patrimoine et musées::Les musées, service public territorial en réinvention::III.C - Restitutions, provenances et propriété""]",[]
171063017440499,Conquête du Dahomey et prise des trésors royaux,Des objets de guerre deviennent collections muséales,point,1892,,true,true,"[""Évènement""]",#21BCFF,"<div><p>La conquête française du royaume du Dahomey s’accompagne de la saisie de biens royaux liés à Béhanzin et à ses prédécesseurs. Ces objets rejoignent ensuite des collections françaises. Leur histoire montre comment la provenance coloniale peut être documentée précisément et comment la restitution contemporaine oblige à articuler propriété publique, violence de conquête et demandes des États d’origine.</p></div>","[""ICT::3 - Compo::Culture, patrimoine et musées::Les musées, service public territorial en réinvention::III.C - Restitutions, provenances et propriété""]",[]
135573725854836,Loi sur la séparation des Églises et de l’État,La propriété publique des églises est maintenue,point,09/12/1905,,true,true,"[""Loi""]",#FF2056,"<div><p>La loi de séparation maintient dans le domaine public de nombreux édifices cultuels déjà propriété de l’État, des départements ou des communes. Elle transforme donc durablement le patrimoine religieux en responsabilité publique : la collectivité propriétaire doit composer avec l’affectation cultuelle, l’entretien du bâti et, pour les édifices protégés, les exigences patrimoniales.</p></div>","[""ICT::3 - Compo::Culture, patrimoine et musées::Les politiques de conservation du patrimoine::III.B - Régime des édifices cultuels issu de 1905 et 1907""]",[]
717231761188872,Loi sur les sites et monuments naturels,Le paysage entre dans le patrimoine protégé,point,21/04/1906,,true,true,"[""Loi""]",#FF2056,"<div><p>La loi du 21 avril 1906 crée la première protection française des sites et monuments naturels de caractère artistique. La valeur patrimoniale ne concerne plus seulement un édifice construit : un paysage, une cascade ou un ensemble naturel peut justifier une protection d’intérêt général pour ses qualités pittoresques ou esthétiques.</p></div>","[""ICT::3 - Compo::Culture, patrimoine et musées::Les politiques de conservation du patrimoine::II.C - Le socle juridique du XXe siècle""]",[]
229596550071443,Loi sur l’exercice public des cultes,Les églises restent gratuitement affectées au culte,point,02/01/1907,,true,true,"[""Loi""]",#FF2056,"<div><p>Faute d’associations cultuelles constituées selon le dispositif de 1905, la loi de 1907 maintient les édifices cultuels publics à la disposition gratuite des fidèles et des ministres du culte. Elle stabilise un régime toujours structurant : propriété publique et usage religieux coexistent, ce qui rend la gestion et l’entretien particulièrement dépendants du dialogue entre commune, affectataire et services patrimoniaux.</p></div>","[""ICT::3 - Compo::Culture, patrimoine et musées::Les politiques de conservation du patrimoine::III.B - Régime des édifices cultuels issu de 1905 et 1907""]",[]
638423311271922,Loi sur les monuments historiques,Classement public ou privé pour intérêt général,point,31/12/1913,,true,true,"[""Loi""]",#FF2056,"<div><p>La loi du 31 décembre 1913 constitue le socle moderne de la protection des monuments historiques. Elle renforce les possibilités de classement d’immeubles présentant un intérêt public du point de vue de l’histoire ou de l’art, y compris contre la volonté du propriétaire, et organise un contrôle public durable des transformations affectant les biens protégés.</p></div>","[""ICT::3 - Compo::Culture, patrimoine et musées::La culture en France : État et collectivités territoriales::I.A - Une longue tradition historique, revisitée au XXe siècle"",""ICT::3 - Compo::Culture, patrimoine et musées::Les politiques de conservation du patrimoine::II.C - Le socle juridique du XXe siècle""]",[]
963424668907337,Création de la Caisse nationale des monuments historiques,Financer l’entretien et ouvrir les monuments,point,10/07/1914,,true,true,"[""Loi""]",#FF2056,"<div><p>La Caisse nationale des monuments historiques et préhistoriques est créée pour soutenir la conservation, l’acquisition et la valorisation des monuments. Elle annonce l’actuel Centre des monuments nationaux : protéger ne consiste plus seulement à classer juridiquement un édifice, mais aussi à mobiliser des ressources, organiser les visites et assurer un entretien durable.</p></div>","[""ICT::3 - Compo::Culture, patrimoine et musées::Les politiques de conservation du patrimoine::II.C - Le socle juridique du XXe siècle""]",[]
524837361707006,"Marcel Duchamp, <u><i>Fountain</i></u>",L’institution contribue à fabriquer la valeur,point,1917,,true,true,"[""Référence""]",#7C86FF,"<div><p>En présentant un urinoir comme œuvre, Duchamp dissocie la valeur artistique des seules qualités matérielles de l’objet. Le choix, le déplacement, le contexte d’exposition et la reconnaissance institutionnelle deviennent décisifs. Pour le patrimoine, le parallèle est fécond : aucun objet n’est patrimonial par nature ; une société le sélectionne, le nomme et décide de le transmettre.</p></div>","[""ICT::3 - Compo::Culture, patrimoine et musées::Les politiques de conservation du patrimoine::I.A - De l’héritage familial au bien commun"",""ICT::3 - Compo::Culture, patrimoine et musées::La culture en France : État et collectivités territoriales::II.A - La politique de la culture en accusation""]",[]
813312951765621,Loi créant l’inventaire supplémentaire,Protéger aussi les édifices d’intérêt suffisant,point,23/07/1927,,true,true,"[""Loi""]",#FF2056,"<div><p>La loi de 1927 crée le régime de l’inventaire supplémentaire des monuments historiques. Elle permet de protéger des édifices qui ne justifient pas un classement au niveau le plus fort mais présentent un intérêt d’art ou d’histoire suffisant. Le droit patrimonial acquiert ainsi un second niveau de protection, plus souple et beaucoup plus extensif.</p></div>","[""ICT::3 - Compo::Culture, patrimoine et musées::Les politiques de conservation du patrimoine::II.C - Le socle juridique du XXe siècle""]",[]
462081750766205,Loi sur les monuments naturels et les sites,Élargir les critères du patrimoine paysager,point,02/05/1930,,true,true,"[""Loi""]",#FF2056,"<div><p>La loi de 1930 complète celle de 1906 en organisant les sites inscrits et classés et en élargissant les critères aux intérêts artistique, historique, scientifique, légendaire ou pittoresque. Le paysage est pleinement reconnu comme objet de politique publique, avec des contraintes sur les transformations susceptibles d’en altérer l’aspect.</p></div>","[""ICT::3 - Compo::Culture, patrimoine et musées::Les politiques de conservation du patrimoine::II.C - Le socle juridique du XXe siècle""]",[]
933629383643143,Loi sur les abords des monuments historiques,Protéger aussi l’environnement du monument,point,25/02/1943,,true,true,"[""Loi""]",#FF2056,"<div><p>La loi de 1943 étend la protection au champ de visibilité autour des monuments historiques, avec un périmètre de 500 mètres. L’objet patrimonial n’est plus pensé comme un bâtiment isolé : son environnement architectural et urbain participe de sa valeur, ce qui introduit une articulation durable entre conservation et droit de l’urbanisme.</p></div>","[""ICT::3 - Compo::Culture, patrimoine et musées::Les politiques de conservation du patrimoine::II.C - Le socle juridique du XXe siècle""]",[]
484236530490843,Récupération des œuvres spoliées après la guerre,Restituer les œuvres revenues d’Allemagne,period,1945,1950,true,true,"[""Évènement""]",#21BCFF,"<div><p>Après 1945, environ 60 000 œuvres et objets culturels reviennent d’Allemagne en France. Près de 45 000 sont restitués rapidement à leurs propriétaires ou ayants droit ; parmi les biens restants, environ 2 200 sont confiés aux musées sous le statut MNR, dans l’attente d’une restitution lorsque leur provenance peut être établie. La recherche de provenance devient ici une obligation de justice, non une simple documentation scientifique.</p></div>","[""ICT::3 - Compo::Culture, patrimoine et musées::Les musées, service public territorial en réinvention::III.C - Restitutions, provenances et propriété""]",[]
896119084229279,Ordonnance créant les bibliothèques centrales de prêt,Apporter les livres aux petites communes,point,02/11/1945,,true,true,"[""Loi""]",#FF2056,<div><p>L’ordonnance du 2 novembre 1945 crée des bibliothèques centrales de prêt dans plusieurs départements afin de desservir les communes dépourvues d’équipements suffisants. Le bibliobus et les dépôts permettent d’organiser un réseau de lecture publique hors des grandes villes. La bibliothèque devient ainsi une politique d’aménagement culturel du territoire.</p></div>,"[""ICT::3 - Compo::Culture, patrimoine et musées::Les bibliothèques""]",[]
765327101633485,"Aimé Césaire, <u><i>Discours sur le colonialisme</i></u>",Coloniser déshumanise aussi le colonisateur,point,1950,,true,true,"[""Référence""]",#7C86FF,"<div><p>Césaire renverse l’argument de la mission civilisatrice : la colonisation repose sur conquête, exploitation et chosification des colonisés. Mais elle transforme aussi la société qui l’exerce, en habituant ses institutions et ses imaginaires à la violence et à l’inégalité. Cette thèse permet de lire les musées coloniaux comme produits de rapports de domination qui affectent aussi la culture européenne.</p></div>","[""ICT::3 - Compo::Culture, patrimoine et musées::Les musées, service public territorial en réinvention::III.C - Restitutions, provenances et propriété::Références culturelles — Décoloniser le musée""]",[]
739843595715481,"Walter Benjamin, <u><i>Das Kunstwerk im Zeitalter seiner technischen Reproduzierbarkeit</i></u>",Reproduire l’œuvre affaiblit et diffuse son aura,point,1955,,true,true,"[""Référence""]",#7C86FF,"<div><p>Benjamin analyse la manière dont photographie, cinéma et reproduction technique détachent l’œuvre de son unicité matérielle et rituelle, ce qu’il pense à travers la notion d’« aura ». Cette perte s’accompagne cependant d’un élargissement massif des conditions d’accès. La numérisation culturelle prolonge cette ambivalence : moins de présence originale, mais davantage de circulation et de publics potentiels.</p></div>","[""ICT::3 - Compo::Culture, patrimoine et musées::La culture en France : État et collectivités territoriales::II.B - Réformer sans abandonner la politique culturelle""]",[]
372076580466616,Classement du Théâtre des Champs-Élysées,Le patrimoine gagne le XXe siècle,point,1957,,true,true,"[""Évènement""]",#21BCFF,"<div><p>Le classement du Théâtre des Champs-Élysées manifeste une extension chronologique de la protection : un édifice du XXe siècle peut déjà être reconnu comme monument historique. Le patrimoine cesse progressivement d’être confondu avec l’ancienneté et s’ouvre à l’architecture moderne, dont la proximité temporelle rend pourtant l’évaluation plus discutée.</p></div>","[""ICT::3 - Compo::Culture, patrimoine et musées::Les politiques de conservation du patrimoine::I.C - Triple extension du domaine patrimonial"",""ICT::3 - Compo::Culture, patrimoine et musées::Les politiques de conservation du patrimoine::II.C - Le socle juridique du XXe siècle""]",[]
212949831309131,Politique culturelle d’André Malraux,"Patrimoine, création et démocratisation culturelle",period,1959,1969,true,true,"[""Période""]",#46ECD5,"<div><p>Pendant une décennie, Malraux consolide une administration culturelle nationale, augmente les moyens, soutient des initiatives locales et développe les maisons de la culture. Sa politique associe conservation des monuments, grandes expositions et accès direct aux œuvres. Elle affirme que la mission culturelle n’est pas d’abord d’enseigner l’histoire de l’art, mais de provoquer la rencontre avec les créations majeures.</p></div>","[""ICT::3 - Compo::Culture, patrimoine et musées::La culture en France : État et collectivités territoriales::I.A - Une longue tradition historique, revisitée au XXe siècle""]",[]
882537795798193,Création du ministère chargé des Affaires culturelles,Rendre les œuvres capitales accessibles au plus grand nombre,point,24/07/1959,,true,true,"[""Évènement""]",#21BCFF,"<div><p>Le décret du 24 juillet 1959 organise le ministère confié à André Malraux. Sa mission combine accès du plus grand nombre aux œuvres capitales, mise en valeur du patrimoine et soutien à la création. La culture acquiert ainsi une administration ministérielle autonome, distincte de la seule instruction publique, avec une doctrine propre de démocratisation culturelle.</p></div>","[""ICT::3 - Compo::Culture, patrimoine et musées::La culture en France : État et collectivités territoriales::I.A - Une longue tradition historique, revisitée au XXe siècle""]",[]
706910252646523,Extension contemporaine de la notion de patrimoine,Du monument à l’immatériel,period,1960,2003,true,true,"[""Période""]",#46ECD5,"<div><p>À partir des années 1960, la notion de patrimoine s’élargit dans trois directions. Chronologiquement, elle accepte des objets de plus en plus récents ; spatialement, elle passe du monument isolé aux quartiers, paysages et territoires ; typologiquement, elle englobe architecture vernaculaire, industrie, jardins, pratiques, langues et savoir-faire. Dans les années 1980-2000, le patrimoine devient moins exclusivement monumental, national et savant, jusqu’à intégrer explicitement des formes immatérielles.</p></div>","[""ICT::3 - Compo::Culture, patrimoine et musées::Les politiques de conservation du patrimoine::I.C - Triple extension du domaine patrimonial"",""ICT::3 - Compo::Culture, patrimoine et musées::Les politiques de conservation du patrimoine::0 - Définition générale""]",[]
830951160669693,Loi Malraux sur les secteurs sauvegardés,Protéger des quartiers historiques entiers,point,04/08/1962,,true,true,"[""Loi""]",#FF2056,"<div><p>La loi Malraux crée les secteurs sauvegardés afin de préserver et restaurer des ensembles urbains historiques menacés par les rénovations radicales. Le patrimoine passe du monument isolé au tissu urbain : rues, parcelles, façades, usages et cohérence architecturale deviennent l’objet d’un document d’urbanisme spécifique.</p></div>","[""ICT::3 - Compo::Culture, patrimoine et musées::Les politiques de conservation du patrimoine::II.C - Le socle juridique du XXe siècle""]",[]
299298170046393,Enquête de Georges Henri Rivière en Aubrac,Étudier le monde paysan comme patrimoine,period,1964,1966,true,true,"[""Évènement""]",#21BCFF,"<div><p>Les équipes de Georges Henri Rivière enquêtent en Aubrac et au hameau des Fajoux par observation, collecte et comparaison. Objets quotidiens, techniques, habitat et pratiques paysannes deviennent dignes d’étude et de musée. Le patrimoine ne se réduit plus aux chefs-d’œuvre : des modes de vie et des cultures populaires peuvent être documentés avant leur transformation ou leur disparition.</p></div>","[""ICT::3 - Compo::Culture, patrimoine et musées::Les musées, service public territorial en réinvention::I.B - Le XIXe siècle et les musées territoriaux""]",[]
827624343696021,Création de l’Inventaire général,Recenser de la petite cuillère à la cathédrale,point,04/03/1964,,true,true,"[""Évènement""]",#21BCFF,"<div><p>L’Inventaire général des monuments et richesses artistiques vise à repérer, étudier et faire connaître le patrimoine dans toute sa diversité. L’ambition dépasse les seuls monuments déjà protégés : architecture ordinaire, objets, décors et patrimoines locaux peuvent être documentés même sans classement. La connaissance devient une politique patrimoniale à part entière.</p></div>","[""ICT::3 - Compo::Culture, patrimoine et musées::Les politiques de conservation du patrimoine::II.C - Le socle juridique du XXe siècle""]",[]
335339041553079,Premier secteur sauvegardé du Vieux-Lyon,Protéger un quartier historique dans son ensemble,point,12/05/1964,,true,true,"[""Évènement""]",#21BCFF,"<div><p>Le Vieux-Lyon devient le premier secteur sauvegardé créé par arrêté dans le cadre de la loi Malraux. La protection ne porte plus seulement sur des monuments isolés : rues, parcelles, façades et cohérence urbaine sont traitées comme un ensemble historique à conserver et à faire évoluer selon un plan de sauvegarde.</p></div>","[""ICT::3 - Compo::Culture, patrimoine et musées::Les politiques de conservation du patrimoine::II.C - Le socle juridique du XXe siècle""]",[]
614177904781494,Création du secteur sauvegardé de Sarlat,Un laboratoire de restauration urbaine,point,27/08/1964,,true,true,"[""Évènement""]",#21BCFF,"<div><p>Sarlat est érigée en secteur sauvegardé quelques mois après le Vieux-Lyon. Son centre ancien devient un terrain majeur d’application de la loi Malraux : la restauration y articule protection des rues médiévales, réhabilitation du bâti et maintien d’une ville habitée plutôt qu’une simple conservation monumentale.</p></div>","[""ICT::3 - Compo::Culture, patrimoine et musées::Les politiques de conservation du patrimoine::II.C - Le socle juridique du XXe siècle""]",[]
538790502378905,"William Baumol et William Bowen, <u><i>Performing Arts: The Economic Dilemma</i></u>",Pourquoi le spectacle vivant coûte toujours plus,point,1966,,true,true,"[""Référence""]",#7C86FF,"<div><p>Baumol et Bowen montrent que certains arts vivants connaissent peu de gains de productivité : un quatuor ou une pièce demande toujours un temps humain difficilement compressible. Lorsque les salaires augmentent dans le reste de l’économie, les coûts du spectacle progressent sans production supplémentaire équivalente. La subvention publique peut alors éviter que les prix explosent ou que l’offre disparaisse.</p></div>","[""ICT::3 - Compo::Culture, patrimoine et musées::La culture en France : État et collectivités territoriales::I.B - Les multiples missions de la politique culturelle""]",[]
217317632413213,Décret instituant les parcs naturels régionaux,Protéger des patrimoines naturels et culturels vivants,point,01/03/1967,,true,true,"[""Loi""]",#FF2056,"<div><p>Le décret de 1967 crée les parcs naturels régionaux pour des territoires dont le patrimoine naturel et culturel présente un intérêt particulier. Le modèle ne consiste pas à transformer ces espaces en réserves figées : il associe protection, développement local, tourisme, paysages et savoir-faire. Le PNR du Gâtinais français illustre cette logique en soutenant notamment la remise en culture de plantes médicinales et des savoir-faire locaux.</p></div>","[""ICT::3 - Compo::Culture, patrimoine et musées""]","[""ict_timeline_media/culture_pnr_gatinais.jpg""]"
723634224663845,"Robert Dhéry, <u><i>Le Petit Baigneur</i></u>",L’église ancienne face au confort moderne,point,21/03/1968,,true,true,"[""Référence""]",#7C86FF,"<div><p>La comédie fait de l’église et de ses courants d’air un ressort humoristique, utile pour évoquer très concrètement les difficultés d’entretien du patrimoine religieux ancien. Conserver un édifice ne signifie pas seulement restaurer son architecture : chauffage, humidité, sécurité, accessibilité et usage quotidien imposent des arbitrages techniques et financiers permanents.</p></div>","[""ICT::3 - Compo::Culture, patrimoine et musées::Les politiques de conservation du patrimoine::VII.A - Entretien : prévenir plutôt que restaurer""]",[]
457491271444062,Convention du patrimoine mondial de l’UNESCO,Une valeur universelle exceptionnelle à protéger collectivement,point,16/11/1972,,true,true,"[""Loi""]",#FF2056,"<div><p>La Convention de 1972 organise la protection internationale des biens culturels et naturels présentant une valeur universelle exceptionnelle. L’inscription ne retire pas le bien à l’État qui le possède : la responsabilité première reste nationale, complétée par coopération, expertise et visibilité internationales. Le patrimoine mondial combine souveraineté territoriale et intérêt commun de l’humanité.</p></div>","[""ICT::3 - Compo::Culture, patrimoine et musées::Les politiques de conservation du patrimoine::IV.A - Grandes catégories de protection et de reconnaissance"",""ICT::3 - Compo::Culture, patrimoine et musées::Les politiques de conservation du patrimoine::IV.C - Acteurs et compétences"",""ICT::3 - Compo::Culture, patrimoine et musées::Les politiques de conservation du patrimoine::IX - Idées directrices et références""]",[]
429883085387609,"Jean-Pierre Babelon et André Chastel, <u><i>La notion de patrimoine</i></u>",Du bien hérité aux trésors du passé,point,1980,,true,true,"[""Référence""]",#7C86FF,"<div><p>Babelon et Chastel analysent l’élargissement rapide d’une notion autrefois centrée sur l’héritage et les monuments prestigieux. Le patrimoine en vient à couvrir des biens très divers auxquels une société reconnaît une valeur de transmission et d’identité. La première publication paraît dans la <i>Revue de l’art</i> en 1980, avant l’édition en volume de 1994.</p></div>","[""ICT::3 - Compo::Culture, patrimoine et musées::Les politiques de conservation du patrimoine::I.A - De l’héritage familial au bien commun""]",[]
691481081783772,Grande mutation des bibliothèques publiques,"Plus de surfaces, collections et nouveaux publics",period,1980,2000,true,true,"[""Période""]",#46ECD5,"<div><p>Entre 1980 et 2000, les bibliothèques municipales françaises changent d’échelle : surfaces presque doublées, collections fortement accrues, personnels plus nombreux et fréquentation élargie. La médiathèque remplace progressivement l’image du simple dépôt de livres : musique, audiovisuel, action culturelle, libre accès et espaces de séjour redéfinissent le service public de lecture.</p></div>","[""ICT::3 - Compo::Culture, patrimoine et musées::Les bibliothèques""]",[]
641889221802324,Loi Lang sur le prix du livre,"Un même livre, presque le même prix",point,10/08/1981,,true,true,"[""Loi""]",#FF2056,"<div><p>La loi impose que l’éditeur fixe le prix public du livre et limite fortement les remises pratiquées par les détaillants. L’objectif est culturel autant qu’économique : préserver un réseau dense de librairies, soutenir la diversité éditoriale et empêcher que la concurrence par les prix ne concentre la diffusion entre quelques acteurs dominants.</p></div>","[""ICT::3 - Compo::Culture, patrimoine et musées::La culture en France : État et collectivités territoriales::I.A - Une longue tradition historique, revisitée au XXe siècle""]",[]
941339291425345,Déclaration de Mexico de l’UNESCO,Une définition anthropologique élargie de la culture,point,1982,,true,true,"[""Référence""]",#7C86FF,"<div><p>La Déclaration de Mexico définit la culture comme l’ensemble des traits spirituels, matériels, intellectuels et affectifs qui caractérisent une société ou un groupe social. Elle inclut arts et lettres, mais aussi modes de vie, droits fondamentaux, valeurs, traditions et croyances. Cette définition déplace la politique culturelle au-delà de la seule diffusion des beaux-arts.</p></div>","[""ICT::3 - Compo::Culture, patrimoine et musées::La culture en France : État et collectivités territoriales::0 - Définitions et exception française""]",[]
924505772872738,Inscription de la Saline royale d’Arc-et-Senans,Patrimoine industriel et utopie architecturale reconnus mondialement,point,1982,,true,true,"[""Évènement""]",#21BCFF,"<div><p>La Saline royale de Ledoux entre sur la Liste du patrimoine mondial. L’inscription reconnaît à la fois une architecture industrielle du XVIIIe siècle et un projet social et urbain ambitieux. Le patrimoine mondial peut donc consacrer des lieux de production et des utopies d’aménagement, non seulement des monuments religieux ou palatiaux.</p></div>","[""ICT::3 - Compo::Culture, patrimoine et musées::Les politiques de conservation du patrimoine::IV.A - Grandes catégories de protection et de reconnaissance""]",[]
846943974691016,Première Fête de la musique,Toutes les musiques investissent l’espace public,point,21/06/1982,,true,true,"[""Évènement""]",#21BCFF,"<div><p>La Fête de la musique invite amateurs et professionnels à jouer gratuitement dans les rues et lieux ouverts au public. La politique culturelle ne se limite plus aux équipements et aux disciplines consacrées : elle valorise les pratiques amateurs, décloisonne les genres et fait de l’espace urbain lui-même un lieu de participation culturelle.</p></div>","[""ICT::3 - Compo::Culture, patrimoine et musées::La culture en France : État et collectivités territoriales::I.A - Une longue tradition historique, revisitée au XXe siècle""]",[]
338688019060385,"ICOMOS-IFLA, <u><i>Charte de Florence</i></u>",Le jardin devient monument vivant,point,15/12/1982,,true,true,"[""Référence""]",#7C86FF,"<div><p>La Charte de Florence définit le jardin historique comme une composition architecturale et végétale d’intérêt historique ou artistique. Sa matière vivante change, vieillit et se renouvelle : conserver ne signifie donc pas immobiliser. La protection patrimoniale doit articuler dessin, espèces végétales, entretien, usages et évolution biologique.</p></div>","[""ICT::3 - Compo::Culture, patrimoine et musées::Les politiques de conservation du patrimoine::II.C - Le socle juridique du XXe siècle""]",[]
984232251395003,Classement de la montagne Sainte-Victoire,Un paysage cézannien protégé comme site,point,15/09/1983,,true,true,"[""Évènement""]",#21BCFF,"<div><p>Le classement global de la montagne Sainte-Victoire au titre de la loi de 1930 protège environ six mille hectares pour leur intérêt pittoresque. Il unifie plusieurs protections plus ponctuelles et fait du paysage lui-même un objet patrimonial : relief, vues et unité du massif comptent autant que des édifices particuliers.</p></div>","[""ICT::3 - Compo::Culture, patrimoine et musées::Les politiques de conservation du patrimoine::IV.A - Grandes catégories de protection et de reconnaissance""]","[""ict_timeline_media/culture_sainte_victoire.png""]"
241902615570820,Première Journée portes ouvertes des monuments historiques,Faire connaître pour mieux protéger,point,23/09/1984,,true,true,"[""Évènement""]",#21BCFF,<div><p>Le ministère de la Culture ouvre exceptionnellement au public de nombreux monuments historiques. Le principe est simple : la protection gagne en légitimité lorsque les citoyens peuvent voir et comprendre ce qui est conservé. L’événement français devient ensuite le modèle des Journées européennes du patrimoine.</p></div>,"[""ICT::3 - Compo::Culture, patrimoine et musées::La culture en France : État et collectivités territoriales::I.A - Une longue tradition historique, revisitée au XXe siècle""]",[]
709856356593979,Décentralisation des bibliothèques centrales de prêt,Les départements pilotent la lecture rurale,point,09/01/1986,,true,true,"[""Loi""]",#FF2056,"<div><p>Les bibliothèques centrales de prêt passent sous responsabilité départementale et deviennent progressivement bibliothèques départementales. L’État conserve aides, normes et concours financiers, mais la conduite du réseau de lecture publique rurale est territorialisée. La décentralisation ne signifie donc pas retrait complet de l’État, mais redistribution des fonctions.</p></div>","[""ICT::3 - Compo::Culture, patrimoine et musées::Les bibliothèques""]",[]
684108517677793,"Andres Serrano, <u><i>Piss Christ</i></u>",Provocation artistique et conflit sur la légitimité,point,1987,,true,true,"[""Référence""]",#7C86FF,"<div><p>Serrano photographie un crucifix immergé dans un liquide identifié comme de l’urine. L’œuvre devient emblématique des controverses sur l’art contemporain : provocation, blasphème, financement public et critères de qualité s’y affrontent. Elle illustre la difficulté pour une politique culturelle de soutenir la création sans pouvoir imposer un consensus sur la valeur des œuvres.</p></div>","[""ICT::3 - Compo::Culture, patrimoine et musées::La culture en France : État et collectivités territoriales::II.A - La politique de la culture en accusation""]",[]
541884520390314,"Joseph S. Nye, <u><i>Bound to Lead</i></u>",Attirer plutôt que contraindre,point,1990,,true,true,"[""Référence""]",#7C86FF,"<div><p>Nye forge la notion de <i>soft power</i> pour désigner une capacité d’influence fondée sur l’attraction et la persuasion plutôt que sur la coercition ou le paiement. Culture, valeurs et image internationale deviennent ainsi des ressources de puissance. La politique culturelle peut être pensée non seulement en termes d’accès interne, mais aussi de rayonnement extérieur.</p></div>","[""ICT::3 - Compo::Culture, patrimoine et musées::La culture en France : État et collectivités territoriales::I.B - Les multiples missions de la politique culturelle""]",[]
382645401454175,"Marc Fumaroli, <u><i>L’État culturel</i></u>",Critiquer le tout-culturel administré,point,1991,,true,true,"[""Référence""]",#7C86FF,"<div><p>Fumaroli critique l’extension de l’action culturelle publique et le brouillage entre arts, loisirs, communication et industries culturelles. À ses yeux, l’« État culturel » tend à transformer la culture en politique de masse administrée, au risque d’affaiblir l’indépendance du jugement et de la création. L’ouvrage fournit une critique libérale classique de l’intervention culturelle.</p></div>","[""ICT::3 - Compo::Culture, patrimoine et musées::La culture en France : État et collectivités territoriales::II.A - La politique de la culture en accusation""]",[]
985967317606256,Extension européenne des Journées du patrimoine,Une initiative française devient rendez-vous européen,point,1991,,true,true,"[""Évènement""]",#21BCFF,"<div><p>L’initiative française de portes ouvertes patrimoniales est reprise à l’échelle européenne sous l’égide du Conseil de l’Europe. La valorisation du patrimoine devient un instrument de circulation, de découverte et de construction d’une culture européenne commune, tout en restant organisée localement par des milliers de sites et collectivités.</p></div>","[""ICT::3 - Compo::Culture, patrimoine et musées::La culture en France : État et collectivités territoriales::I.A - Une longue tradition historique, revisitée au XXe siècle""]",[]
258856772939197,Programme des bibliothèques municipales à vocation régionale,Construire de grandes médiathèques structurantes,point,1992,,true,true,"[""Évènement""]",#21BCFF,"<div><p>Le programme des BMVR accompagne la construction de grands équipements de lecture publique capables de desservir une ville tout en jouant un rôle documentaire et patrimonial à l’échelle régionale. Il s’inscrit dans la grande mutation des bibliothèques : surfaces accrues, libre accès, multimédia, nouveaux services et professionnalisation.</p></div>","[""ICT::3 - Compo::Culture, patrimoine et musées::Les bibliothèques""]",[]
679277698069245,"Fred Wilson, <u><i>Mining the Museum</i></u>",Révéler les silences par la scénographie,point,1992,,true,true,"[""Référence""]",#7C86FF,"<div><p>Wilson réorganise les collections d’une société historique du Maryland sans créer de nouveaux objets : il juxtapose argenterie, instruments de contrainte, portraits et archives afin de faire apparaître ce que la présentation habituelle rendait invisible, notamment l’esclavage et les rapports raciaux. Le musée peut donc se critiquer lui-même par le choix des voisinages, des cartels et des absences.</p></div>","[""ICT::3 - Compo::Culture, patrimoine et musées::Les musées, service public territorial en réinvention::III.C - Restitutions, provenances et propriété""]",[]
588832538832765,"Jean-Yves Andrieux, <u><i>Patrimoine et histoire</i></u>",Le patrimoine devient une catégorie presque illimitée,point,1997,,true,true,"[""Référence""]",#7C86FF,"<div><p>Andrieux insiste sur l’extraordinaire variété prise par la notion de patrimoine : matériel ou immatériel, religieux ou politique, naturel ou industriel, unique ou collectif, objet, pratique, paysage ou symbole. Cette extension montre qu’à la fin du XXe siècle le patrimoine ne désigne plus une catégorie stable d’objets, mais une manière de qualifier des héritages auxquels une société choisit d’accorder valeur et transmission.</p></div>","[""ICT::3 - Compo::Culture, patrimoine et musées::Les politiques de conservation du patrimoine::0 - Définition générale""]",[]
566671467143604,"Daniel J. Grange et Dominique Poulot, <u><i>L’Esprit des lieux : le patrimoine de la cité</i></u>","Moins patriotique, moins élitiste, plus démocratique",point,15/04/1997,,true,true,"[""Référence""]",#7C86FF,"<div><p>Issu d’un colloque tenu à Annecy en 1995, l’ouvrage analyse un patrimoine qui se détache progressivement de son seul ancrage patriotique et de l’exclusivité de la haute culture. Quartiers, paysages, cuisines, bibliothèques, musées et souvenirs deviennent également patrimonialisables. La notion accompagne ainsi une démocratisation des objets jugés dignes d’attention collective.</p></div>","[""ICT::3 - Compo::Culture, patrimoine et musées::Les politiques de conservation du patrimoine::0 - Définition générale""]",[]
218510490221395,"Maryvonne de Saint Pulgent, <u><i>Le Gouvernement de la culture</i></u>",Une bulle culturelle parfois déconnectée des besoins,point,1999,,true,true,"[""Référence""]",#7C86FF,"<div><p>Saint Pulgent analyse de l’intérieur l’organisation française de la culture et critique la multiplication d’équipements ou de projets insuffisamment reliés aux usages réels des populations. La politique culturelle peut produire une « bulle » institutionnelle lorsque la logique de l’offre, des professionnels et des administrations l’emporte sur l’évaluation des besoins et des publics.</p></div>","[""ICT::3 - Compo::Culture, patrimoine et musées::La culture en France : État et collectivités territoriales::II.A - La politique de la culture en accusation""]",[]
350781656922826,Label Patrimoine du XXe siècle,Reconnaître un patrimoine encore très récent,point,1999,,true,true,"[""Évènement""]",#21BCFF,"<div><p>Le label « Patrimoine du XXe siècle » vise à signaler des architectures récentes dont la valeur reste souvent mal reconnue parce qu’elles sont trop proches dans le temps. Il accompagne l’extension chronologique du patrimoine vers le logement, l’industrie, les grands ensembles et l’architecture moderne, sans nécessiter systématiquement une protection monument historique.</p></div>","[""ICT::3 - Compo::Culture, patrimoine et musées::Les politiques de conservation du patrimoine::II.C - Le socle juridique du XXe siècle""]",[]
575476448954222,Déclaration sur l’importance des musées universels,Défendre l’intégrité des collections historiques,point,2002,,true,true,"[""Référence""]",#7C86FF,"<div><p>Dix-huit grands musées occidentaux publient une déclaration soulignant la valeur des collections universelles constituées au fil du temps. Face aux demandes croissantes de restitution, ils insistent sur le rôle encyclopédique, comparatif et international de leurs ensembles. Le texte devient une référence majeure du débat entre universalité du musée et justice des provenances.</p></div>","[""ICT::3 - Compo::Culture, patrimoine et musées::Les musées, service public territorial en réinvention::III.C - Restitutions, provenances et propriété""]",[]
285287952066829,Loi relative aux musées de France,"Conserver, étudier, enrichir et ouvrir les collections",point,04/01/2002,,true,true,"[""Loi""]",#FF2056,"<div><p>La loi définit le musée comme une collection permanente dont la conservation et la présentation revêtent un intérêt public et organise l’appellation « musée de France ». Elle fixe quatre missions permanentes : conserver et enrichir les collections, les rendre accessibles au public le plus large, assurer l’éducation et la diffusion, contribuer à la recherche et à sa diffusion.</p></div>","[""ICT::3 - Compo::Culture, patrimoine et musées::Les musées, service public territorial en réinvention::II.A - Missions du musée de France et conservation""]",[]
681937183466362,"Dominique Audrerie, <u><i>Questions sur le patrimoine</i></u>",Une conquête publique devenue très large,point,2003,,true,true,"[""Référence""]",#7C86FF,"<div><p>Audrerie décrit le patrimoine comme une notion devenue à la fois très largement appropriée par le public et difficile à délimiter. La « conquête » patrimoniale élargit les objets, les acteurs et les usages de la conservation, au risque de rendre la catégorie toujours plus accueillante. L’enjeu n’est plus seulement de protéger quelques monuments exceptionnels, mais de choisir collectivement ce qui mérite transmission.</p></div>","[""ICT::3 - Compo::Culture, patrimoine et musées::Les politiques de conservation du patrimoine::0 - Définition générale""]",[]
590588837996278,Programme des médiathèques de proximité « Ruches »,Compléter le réseau par des équipements de proximité,point,2003,,true,true,"[""Évènement""]",#21BCFF,"<div><p>La Direction du Livre et de la Lecture lance le programme des « Ruches » pour soutenir des médiathèques de proximité dans des zones rurales et urbaines encore insuffisamment équipées. Le programme prolonge la modernisation des bibliothèques en combinant architecture, diversification des collections et maillage territorial.</p></div>","[""ICT::3 - Compo::Culture, patrimoine et musées::Les bibliothèques""]",[]
846055081398188,Convention de l’UNESCO pour le patrimoine culturel immatériel,"Protéger pratiques, savoir-faire et expressions vivantes",point,17/10/2003,,true,true,"[""Loi""]",#FF2056,"<div><p>La convention reconnaît comme patrimoine des pratiques, représentations, expressions, connaissances et savoir-faire que des communautés identifient comme faisant partie de leur héritage. La sauvegarde ne consiste donc plus seulement à conserver des objets : il faut aussi soutenir les conditions de transmission de patrimoines vivants et évolutifs.</p></div>","[""ICT::3 - Compo::Culture, patrimoine et musées::Les politiques de conservation du patrimoine::I.C - Triple extension du domaine patrimonial"",""ICT::3 - Compo::Culture, patrimoine et musées::Les politiques de conservation du patrimoine::0 - Définition générale""]",[]
860339610979849,Code du patrimoine,Rassembler le droit patrimonial dans un code,point,20/02/2004,,true,true,"[""Loi""]",#FF2056,"<div><p>L’ordonnance du 20 février 2004 rassemble dans un Code du patrimoine des dispositions auparavant dispersées sur archives, bibliothèques, musées, archéologie, monuments historiques et biens culturels. La codification rend visible l’unité juridique d’un domaine devenu beaucoup plus vaste que la seule conservation monumentale.</p></div>","[""ICT::3 - Compo::Culture, patrimoine et musées::Les politiques de conservation du patrimoine::II.C - Le socle juridique du XXe siècle""]",[]
947755535371792,Transfert de l’Inventaire général aux régions,La connaissance patrimoniale se décentralise,point,13/08/2004,,true,true,"[""Loi""]",#FF2056,"<div><p>La décentralisation confie aux régions la conduite de l’Inventaire général du patrimoine culturel, tandis que l’État conserve des missions de méthode, de contrôle scientifique et de coordination. La politique patrimoniale illustre ainsi un partage de compétences : la proximité territoriale organise l’étude, sans supprimer le cadre national de connaissance.</p></div>","[""ICT::3 - Compo::Culture, patrimoine et musées::Les politiques de conservation du patrimoine::IV.C - Acteurs et compétences"",""ICT::3 - Compo::Culture, patrimoine et musées::Les politiques de conservation du patrimoine::II.C - Le socle juridique du XXe siècle""]",[]
525935148675032,"Marylène Patou-Mathis, <u><i>Une mort annoncée</i></u>",Acculturation et fragilisation des San,point,2007,,true,true,"[""Référence""]",#7C86FF,"<div><p>Patou-Mathis décrit la situation des San du Kalahari confrontés à la sédentarisation, aux transformations économiques et à l’acculturation. Son enquête rappelle que les modes de vie ne sont pas des fossiles culturels : ils évoluent sous l’effet de rapports politiques et sociaux contemporains. Préserver un patrimoine vivant ne signifie donc ni isoler ni figer les groupes humains.</p></div>","[""ICT::3 - Compo::Culture, patrimoine et musées::Les bibliothèques""]",[]
578837367679959,"Françoise Choay, <u><i>Le Patrimoine en questions</i></u>",Protéger sans transformer le passé en fétiche,point,2009,,true,true,"[""Référence""]",#7C86FF,"<div><p>Choay rassemble et met en perspective les grands textes du combat patrimonial pour interroger l’inflation contemporaine de la notion. Tout conserver peut produire muséification, marchandisation touristique et perte de sens. La protection doit donc rester capable de choisir, d’habiter, de transformer et de transmettre, plutôt que confondre patrimoine et immobilisation générale du passé.</p></div>","[""ICT::3 - Compo::Culture, patrimoine et musées::Les politiques de conservation du patrimoine::IX - Idées directrices et références""]",[]
889001956671787,"Françoise Vergès, <u><i>L’Esclave au Louvre</i></u>",Lire l’esclavage derrière les objets ordinaires,period,2012,2013,true,true,"[""Référence""]",#7C86FF,"<div><p>Vergès propose des parcours où l’esclavage apparaît sans qu’une personne esclavisée soit nécessairement représentée : sucre, café, tabac, coton ou bois précieux renvoient aux économies coloniales qui ont façonné consommations, fortunes et arts européens. La médiation change donc de question : il s’agit de rendre visibles les relations matérielles et politiques cachées derrière des objets familiers.</p></div>","[""ICT::3 - Compo::Culture, patrimoine et musées::Les musées, service public territorial en réinvention::III.C - Restitutions, provenances et propriété::Références culturelles — Décoloniser le musée""]",[]
258930028768852,Loi NOTRe,La culture demeure une compétence partagée,point,07/08/2015,,true,true,"[""Loi""]",#FF2056,"<div><p>La loi NOTRe supprime plusieurs clauses générales de compétence mais maintient explicitement la culture parmi les compétences partagées entre communes, départements, régions et collectivités à statut particulier. La politique culturelle échappe ainsi à une spécialisation rigide : plusieurs niveaux de collectivités peuvent continuer à intervenir sur un même champ.</p></div>","[""ICT::3 - Compo::Culture, patrimoine et musées::La culture en France : État et collectivités territoriales::I.A - Une longue tradition historique, revisitée au XXe siècle""]",[]
377958239844400,"Loi Liberté de création, architecture et patrimoine","Création, droits culturels et sites remarquables",point,07/07/2016,,true,true,"[""Loi""]",#FF2056,"<div><p>La loi LCAP affirme la liberté de création, réforme plusieurs dispositifs patrimoniaux et crée les sites patrimoniaux remarquables, qui regroupent notamment anciens secteurs sauvegardés, ZPPAUP et AVAP. Elle remplace aussi le label « Patrimoine du XXe siècle » par « Architecture contemporaine remarquable » et inscrit davantage les droits culturels dans l’action publique.</p></div>","[""ICT::3 - Compo::Culture, patrimoine et musées::La culture en France : État et collectivités territoriales::I.A - Une longue tradition historique, revisitée au XXe siècle"",""ICT::3 - Compo::Culture, patrimoine et musées::Les politiques de conservation du patrimoine::II.C - Le socle juridique du XXe siècle"",""ICT::3 - Compo::Culture, patrimoine et musées::Les politiques de conservation du patrimoine::IV.A - Grandes catégories de protection et de reconnaissance""]",[]
800128087924948,Discours de Ouagadougou sur les restitutions,Ouvrir la voie aux retours patrimoniaux,point,28/11/2017,,true,true,"[""Évènement""]",#21BCFF,"<div><p>Le président français annonce vouloir réunir, dans les cinq ans, les conditions de restitutions temporaires ou définitives du patrimoine africain vers l’Afrique. Le discours fait de la provenance et de la circulation des collections un enjeu politique de premier plan et conduit à la mission confiée à Felwine Sarr et Bénédicte Savoy.</p></div>","[""ICT::3 - Compo::Culture, patrimoine et musées::Les musées, service public territorial en réinvention::III.C - Restitutions, provenances et propriété"",""ICT::3 - Compo::Culture, patrimoine et musées::Les musées, service public territorial en réinvention::III.C - Restitutions, provenances et propriété::Références culturelles — Décoloniser le musée""]",[]
999114286450603,Lancement du Loto du patrimoine,Mobiliser le jeu pour financer les restaurations,point,2018,,true,true,"[""Évènement""]",#21BCFF,"<div><p>Le Loto du patrimoine associe jeux de loterie et financement de projets de restauration sélectionnés avec la Mission patrimoine. Le dispositif cherche à mobiliser des recettes supplémentaires et l’attention du grand public pour des monuments souvent fragiles, notamment dans les petites communes. Il complète les crédits budgétaires sans résoudre à lui seul le besoin structurel d’entretien.</p></div>","[""ICT::3 - Compo::Culture, patrimoine et musées::Les politiques de conservation du patrimoine::VII.B - Une équation financière déséquilibrée""]",[]
125379663114555,"Erik Orsenna et Noël Corbin, <u><i>Voyage au pays des bibliothèques</i></u>",Ouvrir plus et transformer les usages,point,19/02/2018,,true,true,"[""Référence""]",#7C86FF,"<div><p>Le rapport décrit les bibliothèques comme le premier réseau culturel de proximité et propose d’élargir les horaires d’ouverture, notamment le soir et le dimanche. Il accompagne une conception plus large de la bibliothèque : lieu de lecture, mais aussi d’inclusion numérique, de sociabilité, d’éducation et de service public culturel.</p></div>","[""ICT::3 - Compo::Culture, patrimoine et musées::Les bibliothèques""]",[]
688312587996537,"Felwine Sarr et Bénédicte Savoy, <u><i>Rapport sur la restitution du patrimoine culturel africain</i></u>","Provenance, demandes d’États et restitutions permanentes",point,23/11/2018,,true,true,"[""Référence""]",#7C86FF,"<div><p>Sarr et Savoy replacent les collections africaines dans l’histoire asymétrique des conquêtes, missions et acquisitions coloniales. Ils proposent des restitutions permanentes fondées sur l’étude de provenance et les demandes des États concernés, plutôt qu’une politique limitée aux prêts. Le rapport popularise aussi l’ordre de grandeur d’un patrimoine matériel subsaharien très majoritairement conservé hors d’Afrique.</p></div>","[""ICT::3 - Compo::Culture, patrimoine et musées::Les musées, service public territorial en réinvention::III.C - Restitutions, provenances et propriété"",""ICT::3 - Compo::Culture, patrimoine et musées::Les musées, service public territorial en réinvention::III.C - Restitutions, provenances et propriété::Références culturelles — Décoloniser le musée""]",[]
500616480076286,Exposition <u><i>Le Modèle noir</i></u>,Réidentifier les modèles noirs dans l’art,point,2019,,true,true,"[""Évènement""]",#21BCFF,"<div><p>L’exposition du musée d’Orsay étudie la représentation des figures noires de Géricault à Matisse en cherchant à restituer aux modèles leur individualité, leur nom et leur contexte. Elle montre comment un musée peut relire ses propres chefs-d’œuvre en déplaçant l’attention des seuls artistes vers les personnes représentées et les rapports sociaux qui structurent l’image.</p></div>","[""ICT::3 - Compo::Culture, patrimoine et musées::Les musées, service public territorial en réinvention::III.C - Restitutions, provenances et propriété::Références culturelles — Décoloniser le musée""]",[]
979758922198559,Loi Robert sur les bibliothèques,Définir légalement missions et principes de lecture publique,point,21/12/2021,,true,true,"[""Loi""]",#FF2056,"<div><p>La loi relative aux bibliothèques et au développement de la lecture publique inscrit dans le droit les missions fondamentales des bibliothèques territoriales : accès à la culture, à l’information, à l’éducation, à la recherche et aux loisirs, pluralisme des collections et égalité d’accès. Elle précise aussi les responsabilités des bibliothèques départementales et renforce la planification territoriale de la lecture publique.</p></div>","[""ICT::3 - Compo::Culture, patrimoine et musées::Les bibliothèques""]",[]
923100017365561,Dépenses culturelles des collectivités territoriales,Le bloc communal finance l’essentiel,point,2023,,true,true,"[""Donnée""]",#FFDF20,"<div><p>Les collectivités territoriales consacrent environ 10,7 milliards d’euros à la culture en 2023. Plus des trois quarts de cette dépense relèvent du bloc communal. Le total dépasse d’environ un milliard les dépenses culturelles de l’État et porte surtout sur le fonctionnement : équipements, personnels, bibliothèques, enseignements artistiques, festivals et soutien aux acteurs locaux.</p></div>","[""ICT::3 - Compo::Culture, patrimoine et musées::La culture en France : État et collectivités territoriales::I.A - Une longue tradition historique, revisitée au XXe siècle""]",[]
202705706934655,Fréquentation des musées de France,Soixante-treize millions de visites,point,2023,,true,true,"[""Donnée""]",#FFDF20,"<div><p>Les 1 044 musées de France totalisent 73,2 millions de visites en 2023, soit +14 % sur un an et +8 % par rapport à 2019. Les musées d’art concentrent 62 % des entrées. Les jeunes représentent 16,4 millions de visites, dont 4,9 millions de scolaires : une fréquentation élevée mais très concentrée selon les établissements et les catégories de collections.</p></div>","[""ICT::3 - Compo::Culture, patrimoine et musées::Les musées, service public territorial en réinvention::II.C - Fréquentation élevée mais concentrée"",""ICT::3 - Compo::Culture, patrimoine et musées::Les musées, service public territorial en réinvention::III.A - Élargir les publics sans effacer la rencontre avec l’œuvre""]",[]
878395334020512,"Françoise Vergès, <u><i>Programme de désordre absolu</i></u>","Décoloniser provenance, catégories et récits muséaux",point,03/03/2023,,true,true,"[""Référence""]",#7C86FF,"<div><p>Vergès critique le musée occidental comme institution héritière à la fois du projet d’éducation des Lumières et d’histoires de conquête, d’esclavage et de colonisation. Décoloniser ne consiste pas seulement à ajouter quelques objets ou figures oubliées : il faut interroger les provenances, les classifications, les récits, l’économie du musée et les rapports de pouvoir qui ont rendu les collections possibles.</p></div>","[""ICT::3 - Compo::Culture, patrimoine et musées::Les musées, service public territorial en réinvention::III.C - Restitutions, provenances et propriété::Références culturelles — Décoloniser le musée""]",[]
150437572259411,"André Fertier, <u><i>La Citoyenneté culturelle</i></u>","Inclure handicap, grand âge et précarité",point,08/12/2023,,true,true,"[""Référence""]",#7C86FF,"<div><p>Fertier défend une citoyenneté culturelle qui ne traite pas l’accès à la culture comme un supplément réservé aux publics déjà autonomes. Handicap, grand âge, isolement et précarité doivent être intégrés dès la conception des politiques et équipements. L’objectif est un pacte culturel républicain où les droits culturels s’exercent effectivement pour les personnes les plus vulnérables.</p></div>","[""ICT::3 - Compo::Culture, patrimoine et musées::La culture en France : État et collectivités territoriales::II.B - Réformer sans abandonner la politique culturelle""]",[]
536359850902760,Réseau du Centre des monuments nationaux,Plus de onze millions de visiteurs,point,2024,,true,true,"[""Donnée""]",#FFDF20,"<div><p>Le Centre des monuments nationaux gère environ 110 monuments et accueille plus de 11 millions de visiteurs en 2024. Environ 36 % des entrées sont gratuites. Le réseau illustre une politique patrimoniale où conservation, ouverture au public, tourisme et recettes propres doivent être articulés dans des sites de taille et de fréquentation très différentes.</p></div>","[""ICT::3 - Compo::Culture, patrimoine et musées::Les politiques de conservation du patrimoine::VI.A - Le patrimoine comme ressource territoriale""]",[]
930712090209537,Sites patrimoniaux remarquables en France,Plus de mille ensembles urbains protégés,point,01/05/2025,,true,true,"[""Donnée""]",#FFDF20,"<div><p>La France compte 1 023 sites patrimoniaux remarquables au 1er mai 2025. Ces périmètres protègent des villes, villages ou quartiers dont la conservation, la restauration et la mise en valeur présentent un intérêt public. Ils traduisent l’élargissement du patrimoine : l’enjeu est la cohérence d’un ensemble urbain, pas seulement un monument isolé.</p></div>","[""ICT::3 - Compo::Culture, patrimoine et musées::Les politiques de conservation du patrimoine::VIII - Repères chiffrés"",""ICT::3 - Compo::Culture, patrimoine et musées::Les politiques de conservation du patrimoine::IV.A - Grandes catégories de protection et de reconnaissance""]",[]
783213725541360,Baromètre des budgets culturels locaux,Baisses fréquentes et investissement sous tension,point,2026,,true,true,"[""Donnée""]",#FFDF20,"<div><p>Le baromètre 2026 indique 45 % de budgets culturels locaux stabilisés et 37 % en baisse, avec une pression particulièrement forte sur certaines régions. L’investissement est lui aussi contraint : les reports d’entretien et d’adaptation écologique peuvent sembler moins visibles qu’une baisse de fonctionnement, mais ils créent un besoin futur de rattrapage ou des renoncements durables.</p></div>","[""ICT::3 - Compo::Culture, patrimoine et musées::La culture en France : État et collectivités territoriales::I.A - Une longue tradition historique, revisitée au XXe siècle""]","[""ict_timeline_media/culture_barometre_2026.png""]"
846075189528033,Loi sur la restitution de biens culturels illicitement appropriés,Un cadre général pour certaines restitutions internationales,point,09/05/2026,,true,true,"[""Loi""]",#FF2056,"<div><p>La loi permet, par dérogation à l’inaliénabilité du domaine public, de restituer à un État demandeur certains biens culturels provenant de son territoire et illicitement appropriés entre le 20 novembre 1815 et le 23 avril 1972. Vol, pillage, cession contrainte ou consentement juridiquement impossible peuvent être pris en compte ; la procédure s’accompagne d’expertise scientifique et de coopération culturelle.</p></div>","[""ICT::3 - Compo::Culture, patrimoine et musées::Les musées, service public territorial en réinvention::III.C - Restitutions, provenances et propriété""]",[]
